handle,title,id
pumpkin-pie-protein-bar,Quest Nutrition Pumpkin Pie Protein Bar,6960220045386
peppermint-bark,Quest Nutrition Peppermint Bark Protein Bar,1400128307274
nutty-by-nature-overload-bar,Nutty By Nature Overload Bar,8092429746250
peanut-butter-jelly-crispy-hero-protein-bars,Peanut Butter & Jelly Crispy Hero Protein Bars,7930004799562
cinnamon-brown-sugar-stacks-bars,Cinnamon Brown Sugar Stacks Bars,8092429844554
chocolate-chip-cookie-dough-protein-bar,Chocolate Chip Cookie Dough Protein Bars,7052411076682
brownie-a-la-mode-stacks-bars,Brownie a la Mode Stacks Bars,8092429811786
oatmeal-chocolate-chip-protein-bar,Oatmeal Chocolate Chip Protein Bars,7052411437130
salted-caramel-stacks-bars,Salted Caramel Stacks Bars,8092429779018
double-chocolate-chunk-protein-bar,Double Chocolate Chunk Protein Bars,7075956719690
fruity-cereal-crispy-hero-protein-bars,Fruity Cereal Crispy Hero Protein Bars,8092429713482
cookie-commotion-overload-bar,Cookie Commotion Overload Bar,7842557591626
chocolate-peanut-butter-protein-bar,Chocolate Peanut Butter Protein Bar,7052411174986
chocolate-explosion-overload-bar,Chocolate Explosion Overload Bar,7842557657162
cookies-cream-protein-bar,Cookies & Cream Protein Bars,7052411273290
sundae-funday-overload-bar,Sundae Funday Overload Bar,7842557689930
white-chocolate-raspberry-protein-bar,White Chocolate Raspberry Protein Bars,7052411994186
lemon-cake-protein-bar,Lemon Cake Protein Bars,7052411338826
smores-protein-bar,S'Mores Protein Bars,7052411535434
blueberry-muffin-protein-bar,Blueberry Muffin Protein Bars,7069076062282
chocolate-brownie-protein-bar,Chocolate Brownie Protein Bars,7052411109450
chocolate-peanut-butter-hero-bar,Chocolate Peanut Butter Crispy Hero Protein Bars,7052412256330
mint-chocolate-chunk-protein-bar,Mint Chocolate Chunk Protein Bars,7052411371594
chocolate-caramel-pecan-hero-bar,Chocolate Caramel Pecan Crispy Hero Protein Bars,7052412190794
apple-pie-protein-bars,Apple Pie Protein Bars,7417474252874
birthday-cake-protein-bar,Birthday Cake Protein Bars,7069075996746
cookies-cream-hero-bar,Cookies & Cream Crispy Hero Protein Bars,7052412452938
mini-chocolate-chip-cookie-dough-protein-bar,Mini Chocolate Chip Cookie Dough Protein Bars,6793088204874
blueberry-cobbler-hero-bar,Blueberry Cobbler Crispy Hero Protein Bars,7069076127818
protein-bar-variety-pack,Protein Bar Variety Pack,7174619201610
